{
    "precision": 0.5880781703362349,
    "recall": 0.6232462877624166,
    "f1_score": 0.5992321088146512
}