{
    "precision": 0.43020451770451756,
    "recall": 0.4248243209781674,
    "f1_score": 0.42440696465630023
}