{
    "precision": 0.6580827067669173,
    "recall": 0.6378654970760237,
    "f1_score": 0.643160557479443
}