{
    "precision": 0.8201754385964918,
    "recall": 0.7080200501253137,
    "f1_score": 0.753610216016231
}