{
    "precision": 0.8361111111111112,
    "recall": 0.7839181286549709,
    "f1_score": 0.7875441809652336
}