{
    "precision": 0.8458333333333332,
    "recall": 0.8525,
    "f1_score": 0.8112085137085137
}