{
    "precision": 0.6769792579608536,
    "recall": 0.7622650696270332,
    "f1_score": 0.6980703305676257
}