{
    "precision": 0.3473447876085912,
    "recall": 0.6615846285132325,
    "f1_score": 0.4271543120176114
}