{
    "precision": 0.6817745874197487,
    "recall": 0.764516129032258,
    "f1_score": 0.6962339333307072
}