{
    "precision": 0.6147435897435896,
    "recall": 0.5761695035733493,
    "f1_score": 0.5818578564496654
}